Country,Crop,Year,Area_Harvested_1000ha,Production_1000tonnes,Yield_kg_per_ha
India,Bananas,2000,866.0,25490.2,29432.8
India,Bananas,2001,908.7,28149.2,30975.8
India,Bananas,2002,874.1,27040.0,30933.9
India,Bananas,2003,866.0,26746.0,30883.9
India,Bananas,2004,868.4,27469.2,31630.9
India,Bananas,2005,888.8,28922.7,32540.3
India,Bananas,2006,887.1,27566.4,31073.0
India,Bananas,2007,881.8,28977.0,32862.5
India,Bananas,2008,905.6,29448.8,32517.9
India,Bananas,2009,902.1,29826.4,33061.9
India,Bananas,2010,871.4,29716.2,34100.6
India,Bananas,2011,876.8,28851.6,32906.7
India,Bananas,2012,880.9,29487.8,33473.4
India,Bananas,2013,878.9,29383.5,33430.7
India,Bananas,2014,887.2,30267.3,34114.6
India,Bananas,2015,870.5,28897.4,33197.2
India,Bananas,2016,866.1,29508.5,34071.9
India,Bananas,2017,912.0,30269.6,33188.7
India,Bananas,2018,898.3,32065.5,35695.3
India,Bananas,2019,909.9,31164.5,34249.8
India,Bananas,2020,890.7,30633.0,34391.5
India,Bananas,2021,878.5,33511.6,38148.5
India,Bananas,2022,863.5,33187.3,38434.1
India,Bananas,2023,894.3,34404.1,38470.7
India,Chick peas,2000,10217.1,10291.7,1007.3
India,Chick peas,2001,10332.6,10232.2,990.3
India,Chick peas,2002,10751.2,11253.7,1046.7
India,Chick peas,2003,10823.3,11195.6,1034.4
India,Chick peas,2004,10701.9,10798.4,1009.0
India,Chick peas,2005,10661.5,11191.2,1049.7
India,Chick peas,2006,10414.3,11125.9,1068.3
India,Chick peas,2007,10715.6,11031.9,1029.5
India,Chick peas,2008,10830.7,11361.9,1049.0
India,Chick peas,2009,10923.1,11561.5,1058.4
India,Chick peas,2010,10944.6,12251.8,1119.4
India,Chick peas,2011,10595.9,11279.7,1064.5
India,Chick peas,2012,10746.3,11796.4,1097.7
India,Chick peas,2013,10835.7,12149.6,1121.3
India,Chick peas,2014,10486.3,11623.2,1108.4
India,Chick peas,2015,10840.1,12621.2,1164.3
India,Chick peas,2016,10672.4,12361.5,1158.3
India,Chick peas,2017,10662.1,12708.1,1191.9
India,Chick peas,2018,10967.4,12618.9,1150.6
India,Chick peas,2019,10666.5,13242.4,1241.5
India,Chick peas,2020,10716.5,12888.5,1202.7
India,Chick peas,2021,10725.8,12641.0,1178.6
India,Chick peas,2022,10769.3,13584.1,1261.4
India,Chick peas,2023,11009.9,12980.9,1179.0
India,Cotton lint,2000,11258.9,4322.7,383.9
India,Cotton lint,2001,11246.7,4652.3,413.7
India,Cotton lint,2002,11392.3,4533.3,397.9
India,Cotton lint,2003,11047.6,4388.2,397.2
India,Cotton lint,2004,11073.9,4637.5,418.8
India,Cotton lint,2005,11467.6,4659.1,406.3
India,Cotton lint,2006,11636.4,4487.5,385.6
India,Cotton lint,2007,11790.6,4885.2,414.3
India,Cotton lint,2008,11325.1,4815.6,425.2
India,Cotton lint,2009,11936.6,5138.0,430.4
India,Cotton lint,2010,11449.9,4918.0,429.5
India,Cotton lint,2011,11991.6,4847.6,404.3
India,Cotton lint,2012,11552.2,4896.6,423.9
India,Cotton lint,2013,11596.3,4877.2,420.6
India,Cotton lint,2014,12186.0,5073.4,416.3
India,Cotton lint,2015,11904.0,4991.1,419.3
India,Cotton lint,2016,11803.3,4795.8,406.3
India,Cotton lint,2017,12188.7,5370.7,440.6
India,Cotton lint,2018,12560.7,5177.2,412.2
India,Cotton lint,2019,12115.2,5391.1,445.0
India,Cotton lint,2020,12165.7,5414.8,445.1
India,Cotton lint,2021,12706.9,5734.3,451.3
India,Cotton lint,2022,12532.4,5612.1,447.8
India,Cotton lint,2023,12767.9,5416.2,424.2
India,Groundnut,2000,4784.4,7787.5,1627.7
India,Groundnut,2001,4721.3,8186.8,1734.0
India,Groundnut,2002,4793.2,8304.8,1732.6
India,Groundnut,2003,4840.3,8190.4,1692.1
India,Groundnut,2004,4655.6,8300.2,1782.9
India,Groundnut,2005,4753.8,8107.0,1705.4
India,Groundnut,2006,4870.9,8932.9,1833.9
India,Groundnut,2007,4823.1,8569.7,1776.8
India,Groundnut,2008,4828.2,8618.6,1785.0
India,Groundnut,2009,4685.6,8812.1,1880.7
India,Groundnut,2010,4779.7,9024.0,1888.0
India,Groundnut,2011,4632.2,8652.5,1867.9
India,Groundnut,2012,4733.6,8508.8,1797.5
India,Groundnut,2013,4859.4,9212.6,1895.8
India,Groundnut,2014,4759.0,9236.0,1940.8
India,Groundnut,2015,4803.5,8999.6,1873.5
India,Groundnut,2016,4686.5,8853.7,1889.2
India,Groundnut,2017,4816.1,9267.6,1924.3
India,Groundnut,2018,4836.3,10012.9,2070.4
India,Groundnut,2019,4855.6,10352.6,2132.1
India,Groundnut,2020,4793.5,9895.3,2064.3
India,Groundnut,2021,4814.6,10113.8,2100.6
India,Groundnut,2022,4801.7,9849.5,2051.2
India,Groundnut,2023,4858.2,10596.0,2181.1
India,Maize,2000,9436.2,23118.8,2450.0
India,Maize,2001,9178.2,22392.3,2439.7
India,Maize,2002,9638.1,23960.7,2486.0
India,Maize,2003,9470.3,25215.3,2662.6
India,Maize,2004,9339.0,25552.8,2736.1
India,Maize,2005,9519.7,26874.6,2823.0
India,Maize,2006,9399.9,25664.9,2730.3
India,Maize,2007,9526.2,26071.7,2736.8
India,Maize,2008,9598.8,27164.8,2830.0
India,Maize,2009,9616.4,28935.2,3008.9
India,Maize,2010,9612.4,27138.2,2823.2
India,Maize,2011,9897.0,29570.8,2987.8
India,Maize,2012,9508.5,29853.1,3139.6
India,Maize,2013,9957.4,31515.9,3165.1
India,Maize,2014,10050.3,31153.6,3099.8
India,Maize,2015,10100.4,32179.9,3186.0
India,Maize,2016,10149.5,35036.6,3452.1
India,Maize,2017,10005.3,33228.9,3321.1
India,Maize,2018,10151.4,35350.7,3482.3
India,Maize,2019,10051.2,33407.0,3323.7
India,Maize,2020,9998.4,35945.2,3595.1
India,Maize,2021,9828.4,35010.7,3562.2
India,Maize,2022,10415.7,38937.2,3738.3
India,Maize,2023,10053.4,36089.8,3589.8
India,Mangoes,2000,1967.2,15590.9,7925.6
India,Mangoes,2001,1996.2,16140.7,8085.8
India,Mangoes,2002,2028.4,16735.5,8250.8
India,Mangoes,2003,2024.1,16569.1,8185.8
India,Mangoes,2004,2014.5,16170.5,8027.0
India,Mangoes,2005,2059.6,16292.7,7910.6
India,Mangoes,2006,2116.8,17208.7,8129.5
India,Mangoes,2007,2059.4,16065.2,7800.8
India,Mangoes,2008,2100.1,16350.2,7785.3
India,Mangoes,2009,2111.3,17603.7,8337.7
India,Mangoes,2010,2166.3,18246.8,8423.0
India,Mangoes,2011,2125.6,17181.4,8083.0
India,Mangoes,2012,2124.1,17256.8,8124.4
India,Mangoes,2013,2265.4,19085.4,8424.7
India,Mangoes,2014,2266.4,19776.1,8725.7
India,Mangoes,2015,2216.4,18695.2,8435.0
India,Mangoes,2016,2301.2,20674.9,8984.4
India,Mangoes,2017,2334.3,20901.1,8954.0
India,Mangoes,2018,2243.4,19823.1,8836.0
India,Mangoes,2019,2319.5,19339.6,8337.7
India,Mangoes,2020,2405.7,22007.7,9148.0
India,Mangoes,2021,2388.0,21450.9,8982.7
India,Mangoes,2022,2314.1,21232.8,9175.4
India,Mangoes,2023,2359.2,20286.5,8598.9
India,"Mustard, rapeseed",2000,10109.4,9734.5,962.9
India,"Mustard, rapeseed",2001,10198.8,10333.6,1013.2
India,"Mustard, rapeseed",2002,10118.9,9951.1,983.4
India,"Mustard, rapeseed",2003,9833.6,10425.6,1060.2
India,"Mustard, rapeseed",2004,10279.8,10715.4,1042.4
India,"Mustard, rapeseed",2005,9952.0,10533.0,1058.4
India,"Mustard, rapeseed",2006,9724.0,10108.3,1039.5
India,"Mustard, rapeseed",2007,9699.0,10142.6,1045.7
India,"Mustard, rapeseed",2008,9837.8,10506.3,1067.9
India,"Mustard, rapeseed",2009,10182.9,11732.1,1152.1
India,"Mustard, rapeseed",2010,10172.5,11005.1,1081.8
India,"Mustard, rapeseed",2011,10067.5,11901.7,1182.2
India,"Mustard, rapeseed",2012,9995.3,11150.8,1115.6
India,"Mustard, rapeseed",2013,10127.3,12576.9,1241.9
India,"Mustard, rapeseed",2014,9914.0,12153.5,1225.9
India,"Mustard, rapeseed",2015,9643.9,12144.6,1259.3
India,"Mustard, rapeseed",2016,9563.5,11940.1,1248.5
India,"Mustard, rapeseed",2017,10017.2,12307.0,1228.6
India,"Mustard, rapeseed",2018,9749.3,12577.4,1290.1
India,"Mustard, rapeseed",2019,9475.4,11824.6,1247.9
India,"Mustard, rapeseed",2020,9914.4,13529.1,1364.6
India,"Mustard, rapeseed",2021,9516.4,12162.9,1278.1
India,"Mustard, rapeseed",2022,9448.3,13001.2,1376.0
India,"Mustard, rapeseed",2023,9979.1,12945.9,1297.3
India,Onions,2000,1662.0,19978.4,12020.9
India,Onions,2001,1650.3,20372.6,12344.4
India,Onions,2002,1726.8,21259.0,12311.3
India,Onions,2003,1665.9,22038.1,13228.6
India,Onions,2004,1677.3,21102.8,12581.4
India,Onions,2005,1740.1,23355.8,13422.0
India,Onions,2006,1749.6,22451.3,12832.4
India,Onions,2007,1718.0,22248.9,12950.6
India,Onions,2008,1743.9,23250.4,13332.1
India,Onions,2009,1756.1,23446.7,13351.4
India,Onions,2010,1718.0,23335.8,13582.7
India,Onions,2011,1819.9,24995.6,13734.7
India,Onions,2012,1752.2,24758.1,14129.3
India,Onions,2013,1746.5,26023.7,14900.9
India,Onions,2014,1765.5,27008.7,15298.4
India,Onions,2015,1801.9,25574.3,14193.3
India,Onions,2016,1792.8,26385.3,14717.1
India,Onions,2017,1802.1,28534.0,15834.0
India,Onions,2018,1870.8,28719.9,15351.7
India,Onions,2019,1857.0,29840.7,16068.9
India,Onions,2020,1874.9,30106.2,16057.8
India,Onions,2021,1844.8,30585.1,16579.0
India,Onions,2022,1862.0,31215.2,16764.4
India,Onions,2023,1944.9,30292.1,15574.9
India,Pearl millet (bajra),2000,6969.0,8326.4,1194.8
India,Pearl millet (bajra),2001,6844.8,8585.6,1254.3
India,Pearl millet (bajra),2002,7158.2,8499.4,1187.4
India,Pearl millet (bajra),2003,7015.5,9083.3,1294.7
India,Pearl millet (bajra),2004,7200.8,9235.2,1282.5
India,Pearl millet (bajra),2005,6932.3,8581.6,1237.9
India,Pearl millet (bajra),2006,7074.5,9283.3,1312.2
India,Pearl millet (bajra),2007,7068.9,9454.8,1337.5
India,Pearl millet (bajra),2008,7240.0,9070.2,1252.8
India,Pearl millet (bajra),2009,7251.4,9606.2,1324.8
India,Pearl millet (bajra),2010,7107.1,9546.0,1343.2
India,Pearl millet (bajra),2011,7155.7,9683.8,1353.3
India,Pearl millet (bajra),2012,7083.6,9844.9,1389.8
India,Pearl millet (bajra),2013,7001.9,9468.1,1352.2
India,Pearl millet (bajra),2014,6888.7,10010.5,1453.2
India,Pearl millet (bajra),2015,7112.5,10270.8,1444.0
India,Pearl millet (bajra),2016,7160.5,10382.6,1450.0
India,Pearl millet (bajra),2017,6959.4,10396.4,1493.9
India,Pearl millet (bajra),2018,6983.5,10494.8,1502.8
India,Pearl millet (bajra),2019,7230.5,11041.5,1527.1
India,Pearl millet (bajra),2020,7294.0,10956.4,1502.1
India,Pearl millet (bajra),2021,7267.8,10524.3,1448.1
India,Pearl millet (bajra),2022,7127.8,11047.8,1550.0
India,Pearl millet (bajra),2023,7080.7,10529.8,1487.1
India,Potatoes,2000,2071.4,38442.0,18558.2
India,Potatoes,2001,2097.7,41508.6,19787.4
India,Potatoes,2002,2127.4,40911.1,19230.1
India,Potatoes,2003,2041.5,40665.2,19919.4
India,Potatoes,2004,2083.2,42688.5,20491.9
India,Potatoes,2005,2122.6,45896.1,21623.0
India,Potatoes,2006,2059.7,42342.2,20557.8
India,Potatoes,2007,2172.6,48246.4,22207.0
India,Potatoes,2008,2139.1,48882.6,22851.7
India,Potatoes,2009,2071.2,45972.3,22196.3
India,Potatoes,2010,2097.2,45649.8,21767.4
India,Potatoes,2011,2123.0,49994.4,23549.0
India,Potatoes,2012,2101.4,48220.4,22947.0
India,Potatoes,2013,2092.3,48850.8,23348.1
India,Potatoes,2014,2113.7,51878.8,24544.1
India,Potatoes,2015,2183.4,51497.3,23585.7
India,Potatoes,2016,2200.8,56084.9,25484.3
India,Potatoes,2017,2182.2,56871.5,26061.1
India,Potatoes,2018,2161.7,55383.6,25619.9
India,Potatoes,2019,2187.3,56289.5,25734.5
India,Potatoes,2020,2218.4,56278.1,25369.3
India,Potatoes,2021,2177.7,55883.9,25661.6
India,Potatoes,2022,2199.8,57468.0,26123.7
India,Potatoes,2023,2218.3,62853.6,28334.1
India,"Rice, paddy",2000,44962.4,122783.1,2730.8
India,"Rice, paddy",2001,43439.8,118713.4,2732.8
India,"Rice, paddy",2002,44583.8,116650.0,2616.4
India,"Rice, paddy",2003,43418.6,112005.3,2579.7
India,"Rice, paddy",2004,43768.4,118172.6,2700.0
India,"Rice, paddy",2005,43928.8,119918.9,2729.8
India,"Rice, paddy",2006,44060.3,116906.9,2653.3
India,"Rice, paddy",2007,43175.1,120685.9,2795.3
India,"Rice, paddy",2008,43796.4,118682.0,2709.9
India,"Rice, paddy",2009,43250.6,127967.4,2958.7
India,"Rice, paddy",2010,44592.2,129791.9,2910.6
India,"Rice, paddy",2011,43394.8,123478.7,2845.5
India,"Rice, paddy",2012,44281.3,128843.0,2909.6
India,"Rice, paddy",2013,44080.6,122523.3,2779.5
India,"Rice, paddy",2014,44238.0,126082.6,2850.1
India,"Rice, paddy",2015,43197.7,128334.5,2970.9
India,"Rice, paddy",2016,44793.8,132466.2,2957.2
India,"Rice, paddy",2017,43969.2,128461.4,2921.6
India,"Rice, paddy",2018,44704.4,132184.8,2956.9
India,"Rice, paddy",2019,43631.3,135820.7,3112.9
India,"Rice, paddy",2020,44012.9,134913.0,3065.3
India,"Rice, paddy",2021,43845.9,129547.9,2954.6
India,"Rice, paddy",2022,44695.6,140786.7,3149.9
India,"Rice, paddy",2023,43647.7,134397.6,3079.1
India,Sorghum,2000,2975.7,3311.5,1112.8
India,Sorghum,2001,3019.3,3472.9,1150.2
India,Sorghum,2002,2956.4,3335.7,1128.3
India,Sorghum,2003,2986.6,3349.7,1121.6
India,Sorghum,2004,3029.6,3629.8,1198.1
India,Sorghum,2005,2997.2,3547.7,1183.7
India,Sorghum,2006,3176.8,3765.4,1185.3
India,Sorghum,2007,3044.4,3760.5,1235.2
India,Sorghum,2008,3206.9,3726.3,1162.0
India,Sorghum,2009,3223.8,4074.6,1263.9
India,Sorghum,2010,3228.4,4135.0,1280.8
India,Sorghum,2011,3257.8,4105.7,1260.3
India,Sorghum,2012,3163.2,4092.2,1293.7
India,Sorghum,2013,3325.2,4103.5,1234.0
India,Sorghum,2014,3286.6,4234.0,1288.3
India,Sorghum,2015,3244.2,4048.7,1248.0
India,Sorghum,2016,3270.0,4336.7,1326.2
India,Sorghum,2017,3313.0,4097.8,1236.9
India,Sorghum,2018,3455.4,4588.6,1328.0
India,Sorghum,2019,3339.7,4144.8,1241.1
India,Sorghum,2020,3410.0,4652.9,1364.5
India,Sorghum,2021,3381.9,4465.3,1320.4
India,Sorghum,2022,3371.7,4431.8,1314.4
India,Sorghum,2023,3510.5,4836.7,1377.8
India,Soybean,2000,12900.7,10818.7,838.6
India,Soybean,2001,13061.4,10900.8,834.6
India,Soybean,2002,13027.7,11052.9,848.4
India,Soybean,2003,13007.4,11850.2,911.0
India,Soybean,2004,12547.0,10612.2,845.8
India,Soybean,2005,12691.2,11402.7,898.5
India,Soybean,2006,12680.4,11001.9,867.6
India,Soybean,2007,12809.7,11459.8,894.6
India,Soybean,2008,12395.1,10893.1,878.8
India,Soybean,2009,12150.6,11206.1,922.3
India,Soybean,2010,12212.7,11215.2,918.3
India,Soybean,2011,12642.9,12259.8,969.7
India,Soybean,2012,12402.1,11518.9,928.8
India,Soybean,2013,12515.5,11934.1,953.5
India,Soybean,2014,12758.9,12761.0,1000.2
India,Soybean,2015,12641.9,12155.2,961.5
India,Soybean,2016,12551.9,12379.3,986.2
India,Soybean,2017,12149.8,11728.3,965.3
India,Soybean,2018,12318.6,12675.4,1029.0
India,Soybean,2019,12107.6,11897.3,982.6
India,Soybean,2020,12330.0,12787.4,1037.1
India,Soybean,2021,12407.2,13435.1,1082.8
India,Soybean,2022,11977.4,13234.4,1105.0
India,Soybean,2023,12046.1,13148.6,1091.5
India,Sugar cane,2000,4934.8,403858.5,81839.1
India,Sugar cane,2001,4955.2,428268.3,86427.8
India,Sugar cane,2002,4952.1,414756.8,83753.4
India,Sugar cane,2003,4961.9,432035.6,87070.2
India,Sugar cane,2004,4788.1,384025.2,80204.0
India,Sugar cane,2005,5002.4,437672.3,87492.2
India,Sugar cane,2006,4973.2,420960.4,84645.8
India,Sugar cane,2007,4867.4,436453.2,89667.9
India,Sugar cane,2008,5007.3,451773.0,90222.1
India,Sugar cane,2009,5004.3,448511.4,89625.6
India,Sugar cane,2010,4886.4,434918.2,89006.1
India,Sugar cane,2011,4856.2,418037.5,86082.9
India,Sugar cane,2012,4971.5,439132.5,88329.3
India,Sugar cane,2013,5145.1,462052.0,89804.7
India,Sugar cane,2014,4889.4,449043.4,91840.1
India,Sugar cane,2015,5095.7,472268.2,92679.3
India,Sugar cane,2016,5158.9,478735.7,92797.4
India,Sugar cane,2017,5043.4,465494.3,92298.4
India,Sugar cane,2018,4913.5,443183.2,90196.7
India,Sugar cane,2019,5030.7,473218.7,94065.7
India,Sugar cane,2020,4935.6,442829.9,89721.8
India,Sugar cane,2021,5000.2,451086.0,90213.6
India,Sugar cane,2022,5081.3,498865.3,98176.8
India,Sugar cane,2023,5047.5,454529.2,90050.5
India,Tomatoes,2000,787.6,15506.9,19689.8
India,Tomatoes,2001,791.6,15452.6,19520.0
India,Tomatoes,2002,831.3,15892.8,19117.8
India,Tomatoes,2003,820.6,15920.7,19400.9
India,Tomatoes,2004,805.1,16004.1,19878.4
India,Tomatoes,2005,814.7,16264.6,19964.9
India,Tomatoes,2006,813.8,15860.1,19489.9
India,Tomatoes,2007,840.0,17005.4,20245.2
India,Tomatoes,2008,821.9,17892.8,21771.2
India,Tomatoes,2009,795.4,16790.8,21109.0
India,Tomatoes,2010,805.3,17592.8,21845.5
India,Tomatoes,2011,837.8,18843.2,22492.3
India,Tomatoes,2012,814.6,17312.2,21252.1
India,Tomatoes,2013,828.1,19076.8,23037.8
India,Tomatoes,2014,842.9,19335.7,22939.6
India,Tomatoes,2015,801.7,19125.4,23856.3
India,Tomatoes,2016,838.1,20310.1,24232.2
India,Tomatoes,2017,811.6,18644.5,22972.7
India,Tomatoes,2018,808.3,18518.6,22911.5
India,Tomatoes,2019,832.4,20150.9,24207.4
India,Tomatoes,2020,815.9,20236.9,24804.2
India,Tomatoes,2021,821.5,19387.4,23601.4
India,Tomatoes,2022,832.9,21276.0,25544.1
India,Tomatoes,2023,823.4,20169.1,24495.1
India,Wheat,2000,33145.7,93078.0,2808.2
India,Wheat,2001,32706.6,99310.2,3036.4
India,Wheat,2002,32691.6,94934.8,2903.9
India,Wheat,2003,31897.9,97467.7,3055.6
India,Wheat,2004,33053.4,101316.7,3065.2
India,Wheat,2005,32203.8,96908.3,3009.2
India,Wheat,2006,31914.6,100148.2,3138.0
India,Wheat,2007,31929.9,99268.8,3109.0
India,Wheat,2008,32289.1,102281.4,3167.7
India,Wheat,2009,31126.6,95540.2,3069.4
India,Wheat,2010,32373.5,103762.4,3205.2
India,Wheat,2011,32597.1,99998.5,3067.7
India,Wheat,2012,31406.3,101786.8,3241.0
India,Wheat,2013,32363.5,102585.8,3169.8
India,Wheat,2014,32367.6,105821.1,3269.4
India,Wheat,2015,31461.3,108172.4,3438.3
India,Wheat,2016,31053.7,108819.8,3504.3
India,Wheat,2017,31413.0,104986.0,3342.1
India,Wheat,2018,31179.6,106270.6,3408.3
India,Wheat,2019,32367.4,108554.6,3353.8
India,Wheat,2020,31789.7,110002.0,3460.3
India,Wheat,2021,31281.4,105810.7,3382.5
India,Wheat,2022,32004.5,112462.8,3514.0
India,Wheat,2023,31542.5,113952.6,3612.7
