State,Crop,Scheme,Eligibility,Scheme_Type
Punjab,All Crops,PM-KISAN,"Landholding farmer families (excludes income-tax payers, institutional landholders, higher-income govt employees/pensioners, certain professionals). Rs 6,000/year in 3 installments.",Central
Punjab,All Crops,Kisan Credit Card (KCC),"All farmers - owner-cultivators, tenant farmers, oral lessees, sharecroppers, SHGs/JLGs. Crop loans up to Rs 3 lakh at ~4% effective interest.",Central
Punjab,All Crops,Soil Health Card Scheme,All farmers with agricultural land. Free soil testing every 2-3 years with crop-wise fertilizer recommendations.,Central
Punjab,All Crops,PM-KUSUM,Farmers with grid-connected or off-grid land for solar pump installation; 60%+ subsidy (higher in some states).,Central
Punjab,All Crops,PMKSY - Per Drop More Crop,All farmers adopting micro-irrigation (drip/sprinkler); subsidy varies by state and farmer category.,Central
Punjab,All Crops,e-NAM,All farmers registered with a participating APMC mandi; access to pan-India online commodity trading.,Central
Punjab,All Crops,PM-KISAN,"Landholding farmer families (excludes income-tax payers, institutional landholders, higher-income govt employees/pensioners, certain professionals). Rs 6,000/year in 3 installments.",Central
Punjab,All Crops,Kisan Credit Card (KCC),"All farmers - owner-cultivators, tenant farmers, oral lessees, sharecroppers, SHGs/JLGs. Crop loans up to Rs 3 lakh at ~4% effective interest.",Central
Punjab,All Crops,Soil Health Card Scheme,All farmers with agricultural land. Free soil testing every 2-3 years with crop-wise fertilizer recommendations.,Central
Punjab,All Crops,PM-KUSUM,Farmers with grid-connected or off-grid land for solar pump installation; 60%+ subsidy (higher in some states).,Central
Punjab,All Crops,PMKSY - Per Drop More Crop,All farmers adopting micro-irrigation (drip/sprinkler); subsidy varies by state and farmer category.,Central
Punjab,All Crops,e-NAM,All farmers registered with a participating APMC mandi; access to pan-India online commodity trading.,Central
Haryana,All Crops,PM-KISAN,"Landholding farmer families (excludes income-tax payers, institutional landholders, higher-income govt employees/pensioners, certain professionals). Rs 6,000/year in 3 installments.",Central
Haryana,All Crops,Kisan Credit Card (KCC),"All farmers - owner-cultivators, tenant farmers, oral lessees, sharecroppers, SHGs/JLGs. Crop loans up to Rs 3 lakh at ~4% effective interest.",Central
Haryana,All Crops,Soil Health Card Scheme,All farmers with agricultural land. Free soil testing every 2-3 years with crop-wise fertilizer recommendations.,Central
Haryana,All Crops,PM-KUSUM,Farmers with grid-connected or off-grid land for solar pump installation; 60%+ subsidy (higher in some states).,Central
Haryana,All Crops,PMKSY - Per Drop More Crop,All farmers adopting micro-irrigation (drip/sprinkler); subsidy varies by state and farmer category.,Central
Haryana,All Crops,e-NAM,All farmers registered with a participating APMC mandi; access to pan-India online commodity trading.,Central
Haryana,All Crops,PM-KISAN,"Landholding farmer families (excludes income-tax payers, institutional landholders, higher-income govt employees/pensioners, certain professionals). Rs 6,000/year in 3 installments.",Central
Haryana,All Crops,Kisan Credit Card (KCC),"All farmers - owner-cultivators, tenant farmers, oral lessees, sharecroppers, SHGs/JLGs. Crop loans up to Rs 3 lakh at ~4% effective interest.",Central
Haryana,All Crops,Soil Health Card Scheme,All farmers with agricultural land. Free soil testing every 2-3 years with crop-wise fertilizer recommendations.,Central
Haryana,All Crops,PM-KUSUM,Farmers with grid-connected or off-grid land for solar pump installation; 60%+ subsidy (higher in some states).,Central
Haryana,All Crops,PMKSY - Per Drop More Crop,All farmers adopting micro-irrigation (drip/sprinkler); subsidy varies by state and farmer category.,Central
Haryana,All Crops,e-NAM,All farmers registered with a participating APMC mandi; access to pan-India online commodity trading.,Central
Uttar Pradesh,All Crops,PM-KISAN,"Landholding farmer families (excludes income-tax payers, institutional landholders, higher-income govt employees/pensioners, certain professionals). Rs 6,000/year in 3 installments.",Central
Uttar Pradesh,All Crops,Kisan Credit Card (KCC),"All farmers - owner-cultivators, tenant farmers, oral lessees, sharecroppers, SHGs/JLGs. Crop loans up to Rs 3 lakh at ~4% effective interest.",Central
Uttar Pradesh,All Crops,Soil Health Card Scheme,All farmers with agricultural land. Free soil testing every 2-3 years with crop-wise fertilizer recommendations.,Central
Uttar Pradesh,All Crops,PM-KUSUM,Farmers with grid-connected or off-grid land for solar pump installation; 60%+ subsidy (higher in some states).,Central
Uttar Pradesh,All Crops,PMKSY - Per Drop More Crop,All farmers adopting micro-irrigation (drip/sprinkler); subsidy varies by state and farmer category.,Central
Uttar Pradesh,All Crops,e-NAM,All farmers registered with a participating APMC mandi; access to pan-India online commodity trading.,Central
Uttar Pradesh,All Crops,PM-KISAN,"Landholding farmer families (excludes income-tax payers, institutional landholders, higher-income govt employees/pensioners, certain professionals). Rs 6,000/year in 3 installments.",Central
Uttar Pradesh,All Crops,Kisan Credit Card (KCC),"All farmers - owner-cultivators, tenant farmers, oral lessees, sharecroppers, SHGs/JLGs. Crop loans up to Rs 3 lakh at ~4% effective interest.",Central
Uttar Pradesh,All Crops,Soil Health Card Scheme,All farmers with agricultural land. Free soil testing every 2-3 years with crop-wise fertilizer recommendations.,Central
Uttar Pradesh,All Crops,PM-KUSUM,Farmers with grid-connected or off-grid land for solar pump installation; 60%+ subsidy (higher in some states).,Central
Uttar Pradesh,All Crops,PMKSY - Per Drop More Crop,All farmers adopting micro-irrigation (drip/sprinkler); subsidy varies by state and farmer category.,Central
Uttar Pradesh,All Crops,e-NAM,All farmers registered with a participating APMC mandi; access to pan-India online commodity trading.,Central
Madhya Pradesh,All Crops,PM-KISAN,"Landholding farmer families (excludes income-tax payers, institutional landholders, higher-income govt employees/pensioners, certain professionals). Rs 6,000/year in 3 installments.",Central
Madhya Pradesh,All Crops,Kisan Credit Card (KCC),"All farmers - owner-cultivators, tenant farmers, oral lessees, sharecroppers, SHGs/JLGs. Crop loans up to Rs 3 lakh at ~4% effective interest.",Central
Madhya Pradesh,All Crops,Soil Health Card Scheme,All farmers with agricultural land. Free soil testing every 2-3 years with crop-wise fertilizer recommendations.,Central
Madhya Pradesh,All Crops,PM-KUSUM,Farmers with grid-connected or off-grid land for solar pump installation; 60%+ subsidy (higher in some states).,Central
Madhya Pradesh,All Crops,PMKSY - Per Drop More Crop,All farmers adopting micro-irrigation (drip/sprinkler); subsidy varies by state and farmer category.,Central
Madhya Pradesh,All Crops,e-NAM,All farmers registered with a participating APMC mandi; access to pan-India online commodity trading.,Central
Madhya Pradesh,All Crops,PM-KISAN,"Landholding farmer families (excludes income-tax payers, institutional landholders, higher-income govt employees/pensioners, certain professionals). Rs 6,000/year in 3 installments.",Central
Madhya Pradesh,All Crops,Kisan Credit Card (KCC),"All farmers - owner-cultivators, tenant farmers, oral lessees, sharecroppers, SHGs/JLGs. Crop loans up to Rs 3 lakh at ~4% effective interest.",Central
Madhya Pradesh,All Crops,Soil Health Card Scheme,All farmers with agricultural land. Free soil testing every 2-3 years with crop-wise fertilizer recommendations.,Central
Madhya Pradesh,All Crops,PM-KUSUM,Farmers with grid-connected or off-grid land for solar pump installation; 60%+ subsidy (higher in some states).,Central
Madhya Pradesh,All Crops,PMKSY - Per Drop More Crop,All farmers adopting micro-irrigation (drip/sprinkler); subsidy varies by state and farmer category.,Central
Madhya Pradesh,All Crops,e-NAM,All farmers registered with a participating APMC mandi; access to pan-India online commodity trading.,Central
Maharashtra,All Crops,PM-KISAN,"Landholding farmer families (excludes income-tax payers, institutional landholders, higher-income govt employees/pensioners, certain professionals). Rs 6,000/year in 3 installments.",Central
Maharashtra,All Crops,Kisan Credit Card (KCC),"All farmers - owner-cultivators, tenant farmers, oral lessees, sharecroppers, SHGs/JLGs. Crop loans up to Rs 3 lakh at ~4% effective interest.",Central
Maharashtra,All Crops,Soil Health Card Scheme,All farmers with agricultural land. Free soil testing every 2-3 years with crop-wise fertilizer recommendations.,Central
Maharashtra,All Crops,PM-KUSUM,Farmers with grid-connected or off-grid land for solar pump installation; 60%+ subsidy (higher in some states).,Central
Maharashtra,All Crops,PMKSY - Per Drop More Crop,All farmers adopting micro-irrigation (drip/sprinkler); subsidy varies by state and farmer category.,Central
Maharashtra,All Crops,e-NAM,All farmers registered with a participating APMC mandi; access to pan-India online commodity trading.,Central
Maharashtra,All Crops,PM-KISAN,"Landholding farmer families (excludes income-tax payers, institutional landholders, higher-income govt employees/pensioners, certain professionals). Rs 6,000/year in 3 installments.",Central
Maharashtra,All Crops,Kisan Credit Card (KCC),"All farmers - owner-cultivators, tenant farmers, oral lessees, sharecroppers, SHGs/JLGs. Crop loans up to Rs 3 lakh at ~4% effective interest.",Central
Maharashtra,All Crops,Soil Health Card Scheme,All farmers with agricultural land. Free soil testing every 2-3 years with crop-wise fertilizer recommendations.,Central
Maharashtra,All Crops,PM-KUSUM,Farmers with grid-connected or off-grid land for solar pump installation; 60%+ subsidy (higher in some states).,Central
Maharashtra,All Crops,PMKSY - Per Drop More Crop,All farmers adopting micro-irrigation (drip/sprinkler); subsidy varies by state and farmer category.,Central
Maharashtra,All Crops,e-NAM,All farmers registered with a participating APMC mandi; access to pan-India online commodity trading.,Central
Karnataka,All Crops,PM-KISAN,"Landholding farmer families (excludes income-tax payers, institutional landholders, higher-income govt employees/pensioners, certain professionals). Rs 6,000/year in 3 installments.",Central
Karnataka,All Crops,Kisan Credit Card (KCC),"All farmers - owner-cultivators, tenant farmers, oral lessees, sharecroppers, SHGs/JLGs. Crop loans up to Rs 3 lakh at ~4% effective interest.",Central
Karnataka,All Crops,Soil Health Card Scheme,All farmers with agricultural land. Free soil testing every 2-3 years with crop-wise fertilizer recommendations.,Central
Karnataka,All Crops,PM-KUSUM,Farmers with grid-connected or off-grid land for solar pump installation; 60%+ subsidy (higher in some states).,Central
Karnataka,All Crops,PMKSY - Per Drop More Crop,All farmers adopting micro-irrigation (drip/sprinkler); subsidy varies by state and farmer category.,Central
Karnataka,All Crops,e-NAM,All farmers registered with a participating APMC mandi; access to pan-India online commodity trading.,Central
Karnataka,All Crops,PM-KISAN,"Landholding farmer families (excludes income-tax payers, institutional landholders, higher-income govt employees/pensioners, certain professionals). Rs 6,000/year in 3 installments.",Central
Karnataka,All Crops,Kisan Credit Card (KCC),"All farmers - owner-cultivators, tenant farmers, oral lessees, sharecroppers, SHGs/JLGs. Crop loans up to Rs 3 lakh at ~4% effective interest.",Central
Karnataka,All Crops,Soil Health Card Scheme,All farmers with agricultural land. Free soil testing every 2-3 years with crop-wise fertilizer recommendations.,Central
Karnataka,All Crops,PM-KUSUM,Farmers with grid-connected or off-grid land for solar pump installation; 60%+ subsidy (higher in some states).,Central
Karnataka,All Crops,PMKSY - Per Drop More Crop,All farmers adopting micro-irrigation (drip/sprinkler); subsidy varies by state and farmer category.,Central
Karnataka,All Crops,e-NAM,All farmers registered with a participating APMC mandi; access to pan-India online commodity trading.,Central
Andhra Pradesh,All Crops,PM-KISAN,"Landholding farmer families (excludes income-tax payers, institutional landholders, higher-income govt employees/pensioners, certain professionals). Rs 6,000/year in 3 installments.",Central
Andhra Pradesh,All Crops,Kisan Credit Card (KCC),"All farmers - owner-cultivators, tenant farmers, oral lessees, sharecroppers, SHGs/JLGs. Crop loans up to Rs 3 lakh at ~4% effective interest.",Central
Andhra Pradesh,All Crops,Soil Health Card Scheme,All farmers with agricultural land. Free soil testing every 2-3 years with crop-wise fertilizer recommendations.,Central
Andhra Pradesh,All Crops,PM-KUSUM,Farmers with grid-connected or off-grid land for solar pump installation; 60%+ subsidy (higher in some states).,Central
Andhra Pradesh,All Crops,PMKSY - Per Drop More Crop,All farmers adopting micro-irrigation (drip/sprinkler); subsidy varies by state and farmer category.,Central
Andhra Pradesh,All Crops,e-NAM,All farmers registered with a participating APMC mandi; access to pan-India online commodity trading.,Central
Andhra Pradesh,All Crops,PM-KISAN,"Landholding farmer families (excludes income-tax payers, institutional landholders, higher-income govt employees/pensioners, certain professionals). Rs 6,000/year in 3 installments.",Central
Andhra Pradesh,All Crops,Kisan Credit Card (KCC),"All farmers - owner-cultivators, tenant farmers, oral lessees, sharecroppers, SHGs/JLGs. Crop loans up to Rs 3 lakh at ~4% effective interest.",Central
Andhra Pradesh,All Crops,Soil Health Card Scheme,All farmers with agricultural land. Free soil testing every 2-3 years with crop-wise fertilizer recommendations.,Central
Andhra Pradesh,All Crops,PM-KUSUM,Farmers with grid-connected or off-grid land for solar pump installation; 60%+ subsidy (higher in some states).,Central
Andhra Pradesh,All Crops,PMKSY - Per Drop More Crop,All farmers adopting micro-irrigation (drip/sprinkler); subsidy varies by state and farmer category.,Central
Andhra Pradesh,All Crops,e-NAM,All farmers registered with a participating APMC mandi; access to pan-India online commodity trading.,Central
Telangana,All Crops,PM-KISAN,"Landholding farmer families (excludes income-tax payers, institutional landholders, higher-income govt employees/pensioners, certain professionals). Rs 6,000/year in 3 installments.",Central
Telangana,All Crops,Kisan Credit Card (KCC),"All farmers - owner-cultivators, tenant farmers, oral lessees, sharecroppers, SHGs/JLGs. Crop loans up to Rs 3 lakh at ~4% effective interest.",Central
Telangana,All Crops,Soil Health Card Scheme,All farmers with agricultural land. Free soil testing every 2-3 years with crop-wise fertilizer recommendations.,Central
Telangana,All Crops,PM-KUSUM,Farmers with grid-connected or off-grid land for solar pump installation; 60%+ subsidy (higher in some states).,Central
Telangana,All Crops,PMKSY - Per Drop More Crop,All farmers adopting micro-irrigation (drip/sprinkler); subsidy varies by state and farmer category.,Central
Telangana,All Crops,e-NAM,All farmers registered with a participating APMC mandi; access to pan-India online commodity trading.,Central
Telangana,All Crops,PM-KISAN,"Landholding farmer families (excludes income-tax payers, institutional landholders, higher-income govt employees/pensioners, certain professionals). Rs 6,000/year in 3 installments.",Central
Telangana,All Crops,Kisan Credit Card (KCC),"All farmers - owner-cultivators, tenant farmers, oral lessees, sharecroppers, SHGs/JLGs. Crop loans up to Rs 3 lakh at ~4% effective interest.",Central
Telangana,All Crops,Soil Health Card Scheme,All farmers with agricultural land. Free soil testing every 2-3 years with crop-wise fertilizer recommendations.,Central
Telangana,All Crops,PM-KUSUM,Farmers with grid-connected or off-grid land for solar pump installation; 60%+ subsidy (higher in some states).,Central
Telangana,All Crops,PMKSY - Per Drop More Crop,All farmers adopting micro-irrigation (drip/sprinkler); subsidy varies by state and farmer category.,Central
Telangana,All Crops,e-NAM,All farmers registered with a participating APMC mandi; access to pan-India online commodity trading.,Central
Tamil Nadu,All Crops,PM-KISAN,"Landholding farmer families (excludes income-tax payers, institutional landholders, higher-income govt employees/pensioners, certain professionals). Rs 6,000/year in 3 installments.",Central
Tamil Nadu,All Crops,Kisan Credit Card (KCC),"All farmers - owner-cultivators, tenant farmers, oral lessees, sharecroppers, SHGs/JLGs. Crop loans up to Rs 3 lakh at ~4% effective interest.",Central
Tamil Nadu,All Crops,Soil Health Card Scheme,All farmers with agricultural land. Free soil testing every 2-3 years with crop-wise fertilizer recommendations.,Central
Tamil Nadu,All Crops,PM-KUSUM,Farmers with grid-connected or off-grid land for solar pump installation; 60%+ subsidy (higher in some states).,Central
Tamil Nadu,All Crops,PMKSY - Per Drop More Crop,All farmers adopting micro-irrigation (drip/sprinkler); subsidy varies by state and farmer category.,Central
Tamil Nadu,All Crops,e-NAM,All farmers registered with a participating APMC mandi; access to pan-India online commodity trading.,Central
Tamil Nadu,All Crops,PM-KISAN,"Landholding farmer families (excludes income-tax payers, institutional landholders, higher-income govt employees/pensioners, certain professionals). Rs 6,000/year in 3 installments.",Central
Tamil Nadu,All Crops,Kisan Credit Card (KCC),"All farmers - owner-cultivators, tenant farmers, oral lessees, sharecroppers, SHGs/JLGs. Crop loans up to Rs 3 lakh at ~4% effective interest.",Central
Tamil Nadu,All Crops,Soil Health Card Scheme,All farmers with agricultural land. Free soil testing every 2-3 years with crop-wise fertilizer recommendations.,Central
Tamil Nadu,All Crops,PM-KUSUM,Farmers with grid-connected or off-grid land for solar pump installation; 60%+ subsidy (higher in some states).,Central
Tamil Nadu,All Crops,PMKSY - Per Drop More Crop,All farmers adopting micro-irrigation (drip/sprinkler); subsidy varies by state and farmer category.,Central
Tamil Nadu,All Crops,e-NAM,All farmers registered with a participating APMC mandi; access to pan-India online commodity trading.,Central
Rajasthan,All Crops,PM-KISAN,"Landholding farmer families (excludes income-tax payers, institutional landholders, higher-income govt employees/pensioners, certain professionals). Rs 6,000/year in 3 installments.",Central
Rajasthan,All Crops,Kisan Credit Card (KCC),"All farmers - owner-cultivators, tenant farmers, oral lessees, sharecroppers, SHGs/JLGs. Crop loans up to Rs 3 lakh at ~4% effective interest.",Central
Rajasthan,All Crops,Soil Health Card Scheme,All farmers with agricultural land. Free soil testing every 2-3 years with crop-wise fertilizer recommendations.,Central
Rajasthan,All Crops,PM-KUSUM,Farmers with grid-connected or off-grid land for solar pump installation; 60%+ subsidy (higher in some states).,Central
Rajasthan,All Crops,PMKSY - Per Drop More Crop,All farmers adopting micro-irrigation (drip/sprinkler); subsidy varies by state and farmer category.,Central
Rajasthan,All Crops,e-NAM,All farmers registered with a participating APMC mandi; access to pan-India online commodity trading.,Central
Rajasthan,All Crops,PM-KISAN,"Landholding farmer families (excludes income-tax payers, institutional landholders, higher-income govt employees/pensioners, certain professionals). Rs 6,000/year in 3 installments.",Central
Rajasthan,All Crops,Kisan Credit Card (KCC),"All farmers - owner-cultivators, tenant farmers, oral lessees, sharecroppers, SHGs/JLGs. Crop loans up to Rs 3 lakh at ~4% effective interest.",Central
Rajasthan,All Crops,Soil Health Card Scheme,All farmers with agricultural land. Free soil testing every 2-3 years with crop-wise fertilizer recommendations.,Central
Rajasthan,All Crops,PM-KUSUM,Farmers with grid-connected or off-grid land for solar pump installation; 60%+ subsidy (higher in some states).,Central
Rajasthan,All Crops,PMKSY - Per Drop More Crop,All farmers adopting micro-irrigation (drip/sprinkler); subsidy varies by state and farmer category.,Central
Rajasthan,All Crops,e-NAM,All farmers registered with a participating APMC mandi; access to pan-India online commodity trading.,Central
Bihar,All Crops,PM-KISAN,"Landholding farmer families (excludes income-tax payers, institutional landholders, higher-income govt employees/pensioners, certain professionals). Rs 6,000/year in 3 installments.",Central
Bihar,All Crops,Kisan Credit Card (KCC),"All farmers - owner-cultivators, tenant farmers, oral lessees, sharecroppers, SHGs/JLGs. Crop loans up to Rs 3 lakh at ~4% effective interest.",Central
Bihar,All Crops,Soil Health Card Scheme,All farmers with agricultural land. Free soil testing every 2-3 years with crop-wise fertilizer recommendations.,Central
Bihar,All Crops,PM-KUSUM,Farmers with grid-connected or off-grid land for solar pump installation; 60%+ subsidy (higher in some states).,Central
Bihar,All Crops,PMKSY - Per Drop More Crop,All farmers adopting micro-irrigation (drip/sprinkler); subsidy varies by state and farmer category.,Central
Bihar,All Crops,e-NAM,All farmers registered with a participating APMC mandi; access to pan-India online commodity trading.,Central
Bihar,All Crops,PM-KISAN,"Landholding farmer families (excludes income-tax payers, institutional landholders, higher-income govt employees/pensioners, certain professionals). Rs 6,000/year in 3 installments.",Central
Bihar,All Crops,Kisan Credit Card (KCC),"All farmers - owner-cultivators, tenant farmers, oral lessees, sharecroppers, SHGs/JLGs. Crop loans up to Rs 3 lakh at ~4% effective interest.",Central
Bihar,All Crops,Soil Health Card Scheme,All farmers with agricultural land. Free soil testing every 2-3 years with crop-wise fertilizer recommendations.,Central
Bihar,All Crops,PM-KUSUM,Farmers with grid-connected or off-grid land for solar pump installation; 60%+ subsidy (higher in some states).,Central
Bihar,All Crops,PMKSY - Per Drop More Crop,All farmers adopting micro-irrigation (drip/sprinkler); subsidy varies by state and farmer category.,Central
Bihar,All Crops,e-NAM,All farmers registered with a participating APMC mandi; access to pan-India online commodity trading.,Central
Gujarat,All Crops,PM-KISAN,"Landholding farmer families (excludes income-tax payers, institutional landholders, higher-income govt employees/pensioners, certain professionals). Rs 6,000/year in 3 installments.",Central
Gujarat,All Crops,Kisan Credit Card (KCC),"All farmers - owner-cultivators, tenant farmers, oral lessees, sharecroppers, SHGs/JLGs. Crop loans up to Rs 3 lakh at ~4% effective interest.",Central
Gujarat,All Crops,Soil Health Card Scheme,All farmers with agricultural land. Free soil testing every 2-3 years with crop-wise fertilizer recommendations.,Central
Gujarat,All Crops,PM-KUSUM,Farmers with grid-connected or off-grid land for solar pump installation; 60%+ subsidy (higher in some states).,Central
Gujarat,All Crops,PMKSY - Per Drop More Crop,All farmers adopting micro-irrigation (drip/sprinkler); subsidy varies by state and farmer category.,Central
Gujarat,All Crops,e-NAM,All farmers registered with a participating APMC mandi; access to pan-India online commodity trading.,Central
Gujarat,All Crops,PM-KISAN,"Landholding farmer families (excludes income-tax payers, institutional landholders, higher-income govt employees/pensioners, certain professionals). Rs 6,000/year in 3 installments.",Central
Gujarat,All Crops,Kisan Credit Card (KCC),"All farmers - owner-cultivators, tenant farmers, oral lessees, sharecroppers, SHGs/JLGs. Crop loans up to Rs 3 lakh at ~4% effective interest.",Central
Gujarat,All Crops,Soil Health Card Scheme,All farmers with agricultural land. Free soil testing every 2-3 years with crop-wise fertilizer recommendations.,Central
Gujarat,All Crops,PM-KUSUM,Farmers with grid-connected or off-grid land for solar pump installation; 60%+ subsidy (higher in some states).,Central
Gujarat,All Crops,PMKSY - Per Drop More Crop,All farmers adopting micro-irrigation (drip/sprinkler); subsidy varies by state and farmer category.,Central
Gujarat,All Crops,e-NAM,All farmers registered with a participating APMC mandi; access to pan-India online commodity trading.,Central
West Bengal,All Crops,PM-KISAN,"Landholding farmer families (excludes income-tax payers, institutional landholders, higher-income govt employees/pensioners, certain professionals). Rs 6,000/year in 3 installments.",Central
West Bengal,All Crops,Kisan Credit Card (KCC),"All farmers - owner-cultivators, tenant farmers, oral lessees, sharecroppers, SHGs/JLGs. Crop loans up to Rs 3 lakh at ~4% effective interest.",Central
West Bengal,All Crops,Soil Health Card Scheme,All farmers with agricultural land. Free soil testing every 2-3 years with crop-wise fertilizer recommendations.,Central
West Bengal,All Crops,PM-KUSUM,Farmers with grid-connected or off-grid land for solar pump installation; 60%+ subsidy (higher in some states).,Central
West Bengal,All Crops,PMKSY - Per Drop More Crop,All farmers adopting micro-irrigation (drip/sprinkler); subsidy varies by state and farmer category.,Central
West Bengal,All Crops,e-NAM,All farmers registered with a participating APMC mandi; access to pan-India online commodity trading.,Central
West Bengal,All Crops,PM-KISAN,"Landholding farmer families (excludes income-tax payers, institutional landholders, higher-income govt employees/pensioners, certain professionals). Rs 6,000/year in 3 installments.",Central
West Bengal,All Crops,Kisan Credit Card (KCC),"All farmers - owner-cultivators, tenant farmers, oral lessees, sharecroppers, SHGs/JLGs. Crop loans up to Rs 3 lakh at ~4% effective interest.",Central
West Bengal,All Crops,Soil Health Card Scheme,All farmers with agricultural land. Free soil testing every 2-3 years with crop-wise fertilizer recommendations.,Central
West Bengal,All Crops,PM-KUSUM,Farmers with grid-connected or off-grid land for solar pump installation; 60%+ subsidy (higher in some states).,Central
West Bengal,All Crops,PMKSY - Per Drop More Crop,All farmers adopting micro-irrigation (drip/sprinkler); subsidy varies by state and farmer category.,Central
West Bengal,All Crops,e-NAM,All farmers registered with a participating APMC mandi; access to pan-India online commodity trading.,Central
Odisha,All Crops,PM-KISAN,"Landholding farmer families (excludes income-tax payers, institutional landholders, higher-income govt employees/pensioners, certain professionals). Rs 6,000/year in 3 installments.",Central
Odisha,All Crops,Kisan Credit Card (KCC),"All farmers - owner-cultivators, tenant farmers, oral lessees, sharecroppers, SHGs/JLGs. Crop loans up to Rs 3 lakh at ~4% effective interest.",Central
Odisha,All Crops,Soil Health Card Scheme,All farmers with agricultural land. Free soil testing every 2-3 years with crop-wise fertilizer recommendations.,Central
Odisha,All Crops,PM-KUSUM,Farmers with grid-connected or off-grid land for solar pump installation; 60%+ subsidy (higher in some states).,Central
Odisha,All Crops,PMKSY - Per Drop More Crop,All farmers adopting micro-irrigation (drip/sprinkler); subsidy varies by state and farmer category.,Central
Odisha,All Crops,e-NAM,All farmers registered with a participating APMC mandi; access to pan-India online commodity trading.,Central
Chhattisgarh,All Crops,PM-KISAN,"Landholding farmer families (excludes income-tax payers, institutional landholders, higher-income govt employees/pensioners, certain professionals). Rs 6,000/year in 3 installments.",Central
Chhattisgarh,All Crops,Kisan Credit Card (KCC),"All farmers - owner-cultivators, tenant farmers, oral lessees, sharecroppers, SHGs/JLGs. Crop loans up to Rs 3 lakh at ~4% effective interest.",Central
Chhattisgarh,All Crops,Soil Health Card Scheme,All farmers with agricultural land. Free soil testing every 2-3 years with crop-wise fertilizer recommendations.,Central
Chhattisgarh,All Crops,PM-KUSUM,Farmers with grid-connected or off-grid land for solar pump installation; 60%+ subsidy (higher in some states).,Central
Chhattisgarh,All Crops,PMKSY - Per Drop More Crop,All farmers adopting micro-irrigation (drip/sprinkler); subsidy varies by state and farmer category.,Central
Chhattisgarh,All Crops,e-NAM,All farmers registered with a participating APMC mandi; access to pan-India online commodity trading.,Central
Punjab,Wheat,PMFBY (Pradhan Mantri Fasal Bima Yojana),All farmers growing state-notified crops for the season; compulsory for loanee farmers with KCC/crop loan unless opted out. Premium capped at 2% (Kharif) / 1.5% (Rabi) / 5% (commercial/horticulture crops).,Central
Punjab,Rice,PMFBY (Pradhan Mantri Fasal Bima Yojana),All farmers growing state-notified crops for the season; compulsory for loanee farmers with KCC/crop loan unless opted out. Premium capped at 2% (Kharif) / 1.5% (Rabi) / 5% (commercial/horticulture crops).,Central
Haryana,Bajra,PMFBY (Pradhan Mantri Fasal Bima Yojana),All farmers growing state-notified crops for the season; compulsory for loanee farmers with KCC/crop loan unless opted out. Premium capped at 2% (Kharif) / 1.5% (Rabi) / 5% (commercial/horticulture crops).,Central
Haryana,Mustard,PMFBY (Pradhan Mantri Fasal Bima Yojana),All farmers growing state-notified crops for the season; compulsory for loanee farmers with KCC/crop loan unless opted out. Premium capped at 2% (Kharif) / 1.5% (Rabi) / 5% (commercial/horticulture crops).,Central
Uttar Pradesh,Sugarcane,PMFBY (Pradhan Mantri Fasal Bima Yojana),All farmers growing state-notified crops for the season; compulsory for loanee farmers with KCC/crop loan unless opted out. Premium capped at 2% (Kharif) / 1.5% (Rabi) / 5% (commercial/horticulture crops).,Central
Uttar Pradesh,Wheat,PMFBY (Pradhan Mantri Fasal Bima Yojana),All farmers growing state-notified crops for the season; compulsory for loanee farmers with KCC/crop loan unless opted out. Premium capped at 2% (Kharif) / 1.5% (Rabi) / 5% (commercial/horticulture crops).,Central
Madhya Pradesh,Soybean,PMFBY (Pradhan Mantri Fasal Bima Yojana),All farmers growing state-notified crops for the season; compulsory for loanee farmers with KCC/crop loan unless opted out. Premium capped at 2% (Kharif) / 1.5% (Rabi) / 5% (commercial/horticulture crops).,Central
Madhya Pradesh,Wheat,PMFBY (Pradhan Mantri Fasal Bima Yojana),All farmers growing state-notified crops for the season; compulsory for loanee farmers with KCC/crop loan unless opted out. Premium capped at 2% (Kharif) / 1.5% (Rabi) / 5% (commercial/horticulture crops).,Central
Maharashtra,Cotton,PMFBY (Pradhan Mantri Fasal Bima Yojana),All farmers growing state-notified crops for the season; compulsory for loanee farmers with KCC/crop loan unless opted out. Premium capped at 2% (Kharif) / 1.5% (Rabi) / 5% (commercial/horticulture crops).,Central
Maharashtra,Sugarcane,PMFBY (Pradhan Mantri Fasal Bima Yojana),All farmers growing state-notified crops for the season; compulsory for loanee farmers with KCC/crop loan unless opted out. Premium capped at 2% (Kharif) / 1.5% (Rabi) / 5% (commercial/horticulture crops).,Central
Karnataka,Ragi,PMFBY (Pradhan Mantri Fasal Bima Yojana),All farmers growing state-notified crops for the season; compulsory for loanee farmers with KCC/crop loan unless opted out. Premium capped at 2% (Kharif) / 1.5% (Rabi) / 5% (commercial/horticulture crops).,Central
Karnataka,Maize,PMFBY (Pradhan Mantri Fasal Bima Yojana),All farmers growing state-notified crops for the season; compulsory for loanee farmers with KCC/crop loan unless opted out. Premium capped at 2% (Kharif) / 1.5% (Rabi) / 5% (commercial/horticulture crops).,Central
Andhra Pradesh,Rice,PMFBY (Pradhan Mantri Fasal Bima Yojana),All farmers growing state-notified crops for the season; compulsory for loanee farmers with KCC/crop loan unless opted out. Premium capped at 2% (Kharif) / 1.5% (Rabi) / 5% (commercial/horticulture crops).,Central
Andhra Pradesh,Groundnut,PMFBY (Pradhan Mantri Fasal Bima Yojana),All farmers growing state-notified crops for the season; compulsory for loanee farmers with KCC/crop loan unless opted out. Premium capped at 2% (Kharif) / 1.5% (Rabi) / 5% (commercial/horticulture crops).,Central
Telangana,Cotton,PMFBY (Pradhan Mantri Fasal Bima Yojana),All farmers growing state-notified crops for the season; compulsory for loanee farmers with KCC/crop loan unless opted out. Premium capped at 2% (Kharif) / 1.5% (Rabi) / 5% (commercial/horticulture crops).,Central
Telangana,Rice,PMFBY (Pradhan Mantri Fasal Bima Yojana),All farmers growing state-notified crops for the season; compulsory for loanee farmers with KCC/crop loan unless opted out. Premium capped at 2% (Kharif) / 1.5% (Rabi) / 5% (commercial/horticulture crops).,Central
Tamil Nadu,Rice,PMFBY (Pradhan Mantri Fasal Bima Yojana),All farmers growing state-notified crops for the season; compulsory for loanee farmers with KCC/crop loan unless opted out. Premium capped at 2% (Kharif) / 1.5% (Rabi) / 5% (commercial/horticulture crops).,Central
Tamil Nadu,Sugarcane,PMFBY (Pradhan Mantri Fasal Bima Yojana),All farmers growing state-notified crops for the season; compulsory for loanee farmers with KCC/crop loan unless opted out. Premium capped at 2% (Kharif) / 1.5% (Rabi) / 5% (commercial/horticulture crops).,Central
Rajasthan,Mustard,PMFBY (Pradhan Mantri Fasal Bima Yojana),All farmers growing state-notified crops for the season; compulsory for loanee farmers with KCC/crop loan unless opted out. Premium capped at 2% (Kharif) / 1.5% (Rabi) / 5% (commercial/horticulture crops).,Central
Rajasthan,Bajra,PMFBY (Pradhan Mantri Fasal Bima Yojana),All farmers growing state-notified crops for the season; compulsory for loanee farmers with KCC/crop loan unless opted out. Premium capped at 2% (Kharif) / 1.5% (Rabi) / 5% (commercial/horticulture crops).,Central
Bihar,Rice,PMFBY (Pradhan Mantri Fasal Bima Yojana),All farmers growing state-notified crops for the season; compulsory for loanee farmers with KCC/crop loan unless opted out. Premium capped at 2% (Kharif) / 1.5% (Rabi) / 5% (commercial/horticulture crops).,Central
Bihar,Maize,PMFBY (Pradhan Mantri Fasal Bima Yojana),All farmers growing state-notified crops for the season; compulsory for loanee farmers with KCC/crop loan unless opted out. Premium capped at 2% (Kharif) / 1.5% (Rabi) / 5% (commercial/horticulture crops).,Central
Gujarat,Cotton,PMFBY (Pradhan Mantri Fasal Bima Yojana),All farmers growing state-notified crops for the season; compulsory for loanee farmers with KCC/crop loan unless opted out. Premium capped at 2% (Kharif) / 1.5% (Rabi) / 5% (commercial/horticulture crops).,Central
Gujarat,Groundnut,PMFBY (Pradhan Mantri Fasal Bima Yojana),All farmers growing state-notified crops for the season; compulsory for loanee farmers with KCC/crop loan unless opted out. Premium capped at 2% (Kharif) / 1.5% (Rabi) / 5% (commercial/horticulture crops).,Central
West Bengal,Rice,PMFBY (Pradhan Mantri Fasal Bima Yojana),All farmers growing state-notified crops for the season; compulsory for loanee farmers with KCC/crop loan unless opted out. Premium capped at 2% (Kharif) / 1.5% (Rabi) / 5% (commercial/horticulture crops).,Central
West Bengal,Jute,PMFBY (Pradhan Mantri Fasal Bima Yojana),All farmers growing state-notified crops for the season; compulsory for loanee farmers with KCC/crop loan unless opted out. Premium capped at 2% (Kharif) / 1.5% (Rabi) / 5% (commercial/horticulture crops).,Central
Odisha,Rice,PMFBY (Pradhan Mantri Fasal Bima Yojana),All farmers growing state-notified crops for the season; compulsory for loanee farmers with KCC/crop loan unless opted out. Premium capped at 2% (Kharif) / 1.5% (Rabi) / 5% (commercial/horticulture crops).,Central
Chhattisgarh,Rice,PMFBY (Pradhan Mantri Fasal Bima Yojana),All farmers growing state-notified crops for the season; compulsory for loanee farmers with KCC/crop loan unless opted out. Premium capped at 2% (Kharif) / 1.5% (Rabi) / 5% (commercial/horticulture crops).,Central
Telangana,All Crops,Rythu Bandhu (Farmer's Investment Support Scheme),"All resident landowning farmers of Telangana (incl. ROFR forest-land farmers). Rs 5,000/acre/season for input costs. Excludes tenant farmers.",State
Telangana,All Crops,Rythu Bima,Enrolled farmers aged 18-59. Rs 5 lakh life insurance cover for the farmer's family in case of death.,State
Andhra Pradesh,All Crops,YSR Rythu Bharosa,"All farmer families in the state, including tenant farmers (~70 lakh beneficiaries). Rs 13,500/year (includes the Rs 6,000 PM-KISAN central share).",State
Odisha,All Crops,KALIA (Krushak Assistance for Livelihood and Income Augmentation),"Small and marginal cultivators (<5 acres), including landless and sharecropper households. Rs 5,000/season for 5 seasons (Rs 10,000/year).",State
Madhya Pradesh,"Urad, Soybean, Maize, Arhar, Moong, Groundnut, Sesame, Nigerseed",Bhavantar Bhugtan Yojana,Farmers of the 8 notified crops. Government pays the difference between MSP and market-sale price for that season.,State
Haryana,"Bajra, Mustard, Sunflower, Groundnut, Chana, Moong, 16 vegetables, 3 fruit crops",Bhavantar Bharpai Yojana,"Farmers registered on the 'Meri Fasal, Mera Byaura' portal with land/khasra and sown-area details for the notified crop.",State
West Bengal,1 acre of any single crop,Krishak Bandhu,"All farmer households (owner or bargadar/sharecropper) growing at least one crop on one acre. Rs 5,000/year input support, plus death-benefit cover.",State
